{"r2": 0.8888571428571428, "mse": 0.06483333333333333}